acp-5,,,
ahr-1,,,
alh-13,0.118022720265588,2.71049154788131,-3.02168519545318
ceh-16,,,
elt-7,0.242852618480333,5.64266258907974,-2.05580557442737
ftn-2,0.331796243558848,3.45638620145761,5.8965576956588
glh-1,0.743947737327477,5.18021451551487,0.529387726257279
hsf-1,1,7.33129291301953,0.0286616259719495
prx-5,,,
T05E12.10,0.198492391044798,8.37440441543045,-1.84732468586957
tbx-32,5.88073761526004e-16,5.28088569461915,-9.39190205182505
vit-1,,,
vit-3,,,
vit-4,,,
vit-5,,,